{
  "status": 200,
  "message": "Get list success",
  "result": [
    {
      "id": 2,
      "deliveryCode": "DV02",
      "name": "ລະບົບຈະສົ່ງໃບຢັ້ງຢືນປະກັນໄພເອເລັກໂທຣນິກ ເພື່ອໃຫ້ທ່ານເກັບມ້ຽນໃນໂທລະສັບມືຖື. ໃບຢັ້ງຢືນປະກັນໄພນີ້ ແມ່ນໄດ້ຮັບອະນຸມັດຈາກກະຊວງການເງິນ ທ່ານສາມາດນຳໃຊ້ປະກອບເອກະສານ ກໍລະນີເກີດອຸປະຕິເຫດ ຫລື ເຈົ້າຫນ້າທີ່ກວດກາ",
      "partner": "UNITEL"
    }
  ]
}