{
  "status": 200,
  "message": "Transaction successfully.",
  "result": [
    {
      "code": "1",
      "name": "NAKONLUANG"
    },
    {
      "code": "2",
      "name": "Vientiane Province"
    },
    {
      "code": "3",
      "name": "Luangnumtha Province"
    },
    {
      "code": "4",
      "name": "Borkeo Province"
    },
    {
      "code": "5",
      "name": "Oudomxay Province"
    },
    {
      "code": "6",
      "name": "Luangprabang Province"
    },
    {
      "code": "7",
      "name": "Xayabuly Province"
    },
    {
      "code": "8",
      "name": "Huaphanh Province"
    },
    {
      "code": "9",
      "name": "Xiengkhuang Province"
    },
    {
      "code": "10",
      "name": "Phongsaly Province"
    },
    {
      "code": "11",
      "name": "Borlikhamxay Province"
    },
    {
      "code": "13",
      "name": "Khammouane Province"
    },
    {
      "code": "14",
      "name": "Savannakhet Province"
    },
    {
      "code": "15",
      "name": "Champasack Province"
    },
    {
      "code": "16",
      "name": "Saravanh Province"
    },
    {
      "code": "17",
      "name": "Sekong Province"
    },
    {
      "code": "18",
      "name": "Attapeu Province"
    }
  ]
}