{
  "status": 200,
  "message": "Get list bank successful",
  "result": [
    {
      "bankId": "1",
      "bankCode": "BCEL",
      "bankName": "Banque pour le Commerce Exterieur Lao Public",
      "partnerCode": "BANK_BCEL",
      "imageUrl": "https://mobile.unitel.com.la:8089/cms-backend/cms/file/v1.0/image/logo_bcel.png",
      "visibility": "VISIBLE"
    },
        {
          "bankId": "7",
          "bankCode": "JDB",
          "bankName": "Joint Development Bank",
          "partnerCode": "BANK_JDB",
          "imageUrl": "https://mobile.unitel.com.la:8089/cms-backend/cms/file/v1.0/image/logo_jdbbank.png",
          "visibility": "VISIBLE"
        },
    {
      "bankId": "3",
      "bankCode": "LVB",
      "bankName": "Lao Viet Joint Venture Bank",
      "partnerCode": "BANK_LVB",
      "imageUrl": "https://mobile.unitel.com.la:8089/cms-backend/cms/file/v1.0/image/logo_laovietbank.png",
      "visibility": "VISIBLE"
    },
    {
      "bankId": "6",
      "bankCode": "MRH",
      "bankName": "Maruhan Bank",
      "partnerCode": "BANK_MARUHAN",
      "imageUrl": "https://mobile.unitel.com.la:8089/cms-backend/cms/file/v1.0/image/logo_maruhanbank.png",
      "visibility": "VISIBLE"
    }
  ]
}