{
  "status": 200,
  "message": "Successfully!",
  "result": {
    "CASUAL": [
      {
        "multPlan": false,
        "registerAble": false,
        "name": "CHAMPA",
        "code": "4G_50",
        "shortDes": "Fee is 50,000 KIP, have 1,500 MB, expired in 30 days.",
        "iconUrl": "http://183.182.100.248:8001/myvtg-frontend/uploads/service/3f5905ac-9fc8-46e4-9baf-47ce2fcbf586.png",
        "isMultPlan": false,
        "isRegisterAble": false,
        "state": 0.0,
        "serviceGroupOrder": null,
        "serviceOrder": 0.0,
        "imgDesUrl": "http://183.182.100.248:8001/myvtg-frontend/uploads/service/5baf2ce5-2246-49f3-a3e3-ceeb2af65624.jpg",
        "serviceGroupType": null,
        "vasType": null,
        "vasTypeName": null,
        "serviceType": null,
        "subName": null,
        "subCode": null,
        "subShortDes": null,
        "subPrice": null,
        "unit": null,
        "payType": null,
        "ewRegisterable": true,
        "typePackage": "CASUAL"
      },
      {
        "multPlan": false,
        "registerAble": false,
        "name": "KHAM",
        "code": "4G_120",
        "shortDes": "Fee is 120,000 KIP, have 4,000 MB, expired in 30 days.",
        "iconUrl": "http://183.182.100.248:8001/myvtg-frontend/uploads/service/706de131-0c62-4fce-80c5-d1fd8be6581f.png",
        "isMultPlan": false,
        "isRegisterAble": false,
        "state": 0.0,
        "serviceGroupOrder": null,
        "serviceOrder": 0.0,
        "imgDesUrl": "http://183.182.100.248:8001/myvtg-frontend/uploads/service/85fbfd19-8328-442b-bc4b-5d349b5374fd.jpg",
        "serviceGroupType": null,
        "vasType": null,
        "vasTypeName": null,
        "serviceType": null,
        "subName": null,
        "subCode": null,
        "subShortDes": null,
        "subPrice": null,
        "unit": null,
        "payType": null,
        "ewRegisterable": true,
        "typePackage": "CASUAL"
      },
      {
        "multPlan": false,
        "registerAble": false,
        "name": "LAMVONG",
        "code": "4G_100",
        "shortDes": "Fee is 100,000 KIP, have 3,000 MB, expired in 30 days.",
        "iconUrl": "http://183.182.100.248:8001/myvtg-frontend/uploads/service/c972887d-8865-44f9-8380-8ad12f7413c3.png",
        "isMultPlan": false,
        "isRegisterAble": false,
        "state": 0.0,
        "serviceGroupOrder": null,
        "serviceOrder": 0.0,
        "imgDesUrl": "http://183.182.100.248:8001/myvtg-frontend/uploads/service/f2ec8a86-458b-4551-b9c3-fe086d14d83a.jpg",
        "serviceGroupType": null,
        "vasType": null,
        "vasTypeName": null,
        "serviceType": null,
        "subName": null,
        "subCode": null,
        "subShortDes": null,
        "subPrice": null,
        "unit": null,
        "payType": null,
        "ewRegisterable": true,
        "typePackage": "CASUAL"
      },
      {
        "multPlan": false,
        "registerAble": false,
        "name": "MI1",
        "code": "4G_MI1",
        "shortDes": "Fee is 1,000 KIP, have 25 MB, expired in 24hours",
        "iconUrl": "http://183.182.100.248:8001/myvtg-frontend/uploads/service/971a67cc-3915-4fbc-ae08-b2d845d87c10.png",
        "isMultPlan": false,
        "isRegisterAble": false,
        "state": 0.0,
        "serviceGroupOrder": null,
        "serviceOrder": 0.0,
        "imgDesUrl": "http://183.182.100.248:8001/myvtg-frontend/uploads/service/cf3cecad-b40f-4e2d-b2b9-ea48527e6664.jpg",
        "serviceGroupType": null,
        "vasType": null,
        "vasTypeName": null,
        "serviceType": null,
        "subName": null,
        "subCode": null,
        "subShortDes": null,
        "subPrice": null,
        "unit": null,
        "payType": null,
        "ewRegisterable": true,
        "typePackage": "CASUAL"
      },
      {
        "multPlan": false,
        "registerAble": false,
        "name": "MI10",
        "code": "4G_MI10",
        "shortDes": "Fee is 10,000 KIP, have 270 MB, expired in 30 days.",
        "iconUrl": "http://183.182.100.248:8001/myvtg-frontend/uploads/service/cf6059cd-328e-49b0-9c7e-07568f6c75f2.png",
        "isMultPlan": false,
        "isRegisterAble": false,
        "state": 0.0,
        "serviceGroupOrder": null,
        "serviceOrder": 0.0,
        "imgDesUrl": "http://183.182.100.248:8001/myvtg-frontend/uploads/service/c0578c2d-4402-47a1-b6e3-ec1b4d2010cd.jpg",
        "serviceGroupType": null,
        "vasType": null,
        "vasTypeName": null,
        "serviceType": null,
        "subName": null,
        "subCode": null,
        "subShortDes": null,
        "subPrice": null,
        "unit": null,
        "payType": null,
        "ewRegisterable": true,
        "typePackage": "CASUAL"
      },
      {
        "multPlan": false,
        "registerAble": false,
        "name": "MI2",
        "code": "4G_MI2",
        "shortDes": "Fee is 2,000 KIP, have 60 MB, expired in 24hours",
        "iconUrl": "http://183.182.100.248:8001/myvtg-frontend/uploads/service/d56d962d-f515-4f36-8f41-3e46319da71e.png",
        "isMultPlan": false,
        "isRegisterAble": false,
        "state": 0.0,
        "serviceGroupOrder": null,
        "serviceOrder": 0.0,
        "imgDesUrl": "http://183.182.100.248:8001/myvtg-frontend/uploads/service/f3048556-2886-4415-8c76-91c4e86a6a64.jpg",
        "serviceGroupType": null,
        "vasType": null,
        "vasTypeName": null,
        "serviceType": null,
        "subName": null,
        "subCode": null,
        "subShortDes": null,
        "subPrice": null,
        "unit": null,
        "payType": null,
        "ewRegisterable": true,
        "typePackage": "CASUAL"
      },
      {
        "multPlan": false,
        "registerAble": false,
        "name": "MI5",
        "code": "4G_MI5",
        "shortDes": "Fee is 5,000 KIP, have 125 MB, expired in 24hours.",
        "iconUrl": "http://183.182.100.248:8001/myvtg-frontend/uploads/service/78eca898-0e9c-414d-bbd9-0424e395db3c.png",
        "isMultPlan": false,
        "isRegisterAble": false,
        "state": 0.0,
        "serviceGroupOrder": null,
        "serviceOrder": 0.0,
        "imgDesUrl": "http://183.182.100.248:8001/myvtg-frontend/uploads/service/3ea4e8f9-0a07-4406-8dd0-e337a04ee2ed.jpg",
        "serviceGroupType": null,
        "vasType": null,
        "vasTypeName": null,
        "serviceType": null,
        "subName": null,
        "subCode": null,
        "subShortDes": null,
        "subPrice": null,
        "unit": null,
        "payType": null,
        "ewRegisterable": true,
        "typePackage": "CASUAL"
      },
      {
        "multPlan": false,
        "registerAble": false,
        "name": "Youtube 3 days",
        "code": "YT3",
        "shortDes": "Fee 10,000 Kip, for watch Youtube in 3 days",
        "iconUrl": "http://183.182.100.248:8001/myvtg-frontend/uploads/service/a5b5889b-6a27-4309-955d-5fb724a53ee1.png",
        "isMultPlan": false,
        "isRegisterAble": false,
        "state": 0.0,
        "serviceGroupOrder": null,
        "serviceOrder": 1.0,
        "imgDesUrl": "http://183.182.100.248:8001/myvtg-frontend/uploads/service/d0558124-85ff-4177-a104-5fb440384038.jpg",
        "serviceGroupType": null,
        "vasType": null,
        "vasTypeName": null,
        "serviceType": null,
        "subName": null,
        "subCode": null,
        "subShortDes": null,
        "subPrice": null,
        "unit": null,
        "payType": null,
        "ewRegisterable": true,
        "typePackage": "CASUAL"
      },
      {
        "multPlan": false,
        "registerAble": false,
        "name": "AD20",
        "code": "AD20",
        "shortDes": "Fee is 20,000 Kip, have 1,00MB,",
        "iconUrl": "http://183.182.100.248:8001/myvtg-frontend/uploads/service/b83bb331-b619-4009-96c9-ff86d1cfe9c6.png",
        "isMultPlan": false,
        "isRegisterAble": false,
        "state": 0.0,
        "serviceGroupOrder": null,
        "serviceOrder": 19.0,
        "imgDesUrl": "http://183.182.100.248:8001/myvtg-frontend/uploads/service/b83bb331-b619-4009-96c9-ff86d1cfe9c6.png",
        "serviceGroupType": null,
        "vasType": null,
        "vasTypeName": null,
        "serviceType": null,
        "subName": null,
        "subCode": null,
        "subShortDes": null,
        "subPrice": null,
        "unit": null,
        "payType": null,
        "ewRegisterable": true,
        "typePackage": "CASUAL"
      }
    ],
    "SPECIAL": [
      {
        "multPlan": false,
        "registerAble": false,
        "name": "S15",
        "code": "S15",
        "shortDes": "Fee is 15,000 Kip get 5,000MB, free Youtube & Facebook/ 5 days,",
        "iconUrl": "http://183.182.100.248:8001/myvtg-frontend/uploads/service/b83bb331-b619-4009-96c9-ff86d1cfe9c6.png",
        "isMultPlan": false,
        "isRegisterAble": false,
        "state": 0.0,
        "serviceGroupOrder": null,
        "serviceOrder": 0.0,
        "imgDesUrl": null,
        "serviceGroupType": null,
        "vasType": null,
        "vasTypeName": null,
        "serviceType": null,
        "subName": null,
        "subCode": null,
        "subShortDes": null,
        "subPrice": null,
        "unit": null,
        "payType": "1",
        "ewRegisterable": true,
        "typePackage": "SPECIAL"
      },
      {
        "multPlan": false,
        "registerAble": false,
        "name": "MI3",
        "code": "MI3",
        "shortDes": "Fee is 10,000 Kip, have 5,000MB, expired in 3days.",
        "iconUrl": "http://183.182.100.248:8001/myvtg-frontend/uploads/service/a5b5889b-6a27-4309-955d-5fb724a53ee1.png",
        "isMultPlan": false,
        "isRegisterAble": false,
        "state": 0.0,
        "serviceGroupOrder": null,
        "serviceOrder": 1.0,
        "imgDesUrl": null,
        "serviceGroupType": null,
        "vasType": null,
        "vasTypeName": null,
        "serviceType": null,
        "subName": null,
        "subCode": null,
        "subShortDes": null,
        "subPrice": null,
        "unit": null,
        "payType": "1",
        "ewRegisterable": true,
        "typePackage": "SPECIAL"
      },
      {
        "multPlan": false,
        "registerAble": false,
        "name": "MI79",
        "code": "MI79",
        "shortDes": "Fee is 79,000 Kip, have 20,000MB,\\r\\nexpired in 30days",
        "iconUrl": "http://183.182.100.248:8001/myvtg-frontend/uploads/service/b1834d2d-98e1-482e-afa5-1804ab732b3b.png",
        "isMultPlan": false,
        "isRegisterAble": false,
        "state": 0.0,
        "serviceGroupOrder": null,
        "serviceOrder": 45.0,
        "imgDesUrl": null,
        "serviceGroupType": null,
        "vasType": null,
        "vasTypeName": null,
        "serviceType": null,
        "subName": null,
        "subCode": null,
        "subShortDes": null,
        "subPrice": null,
        "unit": null,
        "payType": "1",
        "ewRegisterable": true,
        "typePackage": "SPECIAL"
      }
    ]
  }
}