{
  "status": 200,
  "message": "Get list success",
  "result": [
    {
      "id": 1,
      "vehicleCode": "MV01",
      "name": "四人座私家车",
      "description": "ລົດ​ເກັງ (4ບ​ອ່ນ​ນັ່ງ​ລົງ​ມາ) /Car 4 seats (COUPER,SEDAN)"
    },
    {
      "id": 2,
      "vehicleCode": "MV02",
      "name": "七人座私家车",
      "description": "ລົດ​ກະ​ບະ ຫຼື ລົດຈິບ (7ບ​ອ່ນ​ນັ່ງ​ລົງ​ມາ) /Car 5-7 seats (PICKUP,SUV)"
    },
    {
      "id": 3,
      "vehicleCode": "MV03",
      "name": "八到十二人座面包车",
      "description": "ລົດຕູ້ (8-12 ບອ່ນນັ່ງ) /Bus 8-12 seats (MINIBUS)"
    },
    {
      "id": 4,
      "vehicleCode": "MV04",
      "name": "载货车",
      "description": "ລົດບັນທຸກ /Truck"
    }
  ]
}