{
  "status": 200,
  "message": "Successfully!",
  "result": {
    "name": "MI5",
    "code": "4G_MI5",
    "fullDes": "<ul><li><font face=\"Times New Roman\">Package price 5,000 KIP&nbsp;</font></li><li><font face=\"Times New Roman\">Get DATA 125 MB , expired in 24hours.</font></li><li><span style=\"font-family: &quot;Times New Roman&quot;;\">Register by *209*3# Call.</span><br></li></ul>",
    "imgDesUrl": "http://183.182.100.248:8001/myvtg-frontend/uploads/service/3ea4e8f9-0a07-4406-8dd0-e337a04ee2ed.jpg",
    "regState": 0,
    "enableAct": 1,
    "price": 5000.0,
    "unit": "KIP",
    "volume": 125
  }
}