{
  "status": 200,
  "message": "Successfully!",
  "result": {
    "name": "KHAM",
    "code": "4G_120",
    "fullDes": "<ul><li><font face=\"Times New Roman\">Package price 120,000 KIP&nbsp;</font></li><li><font face=\"Times New Roman\">Get DATA 4,000 MB, expired in 30 days</font></li><li><font face=\"Times New Roman\">If data used up internet will block.</font></li><li><font face=\"Times New Roman\">Register by *209*9# Call.</font></li></ul>",
    "imgDesUrl": "http://183.182.100.248:8001/myvtg-frontend/uploads/service/85fbfd19-8328-442b-bc4b-5d349b5374fd.jpg",
    "regState": 0,
    "enableAct": 1,
    "price": 120000.0,
    "unit": "KIP",
    "volume": 4000
  }
}