{
  "status": 200,
  "message": "Successfully!",
  "result": {
    "name": "MI1",
    "code": "4G_MI1",
    "fullDes": "<ul><li><font face=\"Times New Roman\">Package price 1,000 KIP&nbsp;</font></li><li><font face=\"Times New Roman\">Get DATA 25 MB , expired in 24hours.</font></li><li><span style=\"font-family: &quot;Times New Roman&quot;;\">Register by *209*1# Call.</span><br></li></ul>",
    "imgDesUrl": "http://183.182.100.248:8001/myvtg-frontend/uploads/service/cf3cecad-b40f-4e2d-b2b9-ea48527e6664.jpg",
    "regState": 0,
    "enableAct": 3,
    "price": 1000.0,
    "unit": "kip",
    "volume": 25
  }
}