{
  "status": 200,
  "message": "Successfully!",
  "result": {
    "name": "MI2",
    "code": "4G_MI2",
    "fullDes": "<ul><li><font face=\"Times New Roman\">Package price 2,000 KIP&nbsp;</font></li><li><font face=\"Times New Roman\">Get DATA 60 MB , expired in 24hours.</font></li><li><span style=\"font-family: &quot;Times New Roman&quot;;\">Register by *209*2# Call.</span><br></li></ul>",
    "imgDesUrl": "http://183.182.100.248:8001/myvtg-frontend/uploads/service/f3048556-2886-4415-8c76-91c4e86a6a64.jpg",
    "regState": 0,
    "enableAct": 3,
    "price": 2000.0,
    "unit": "kip",
    "volume": 60
  }
}