{
  "status": 200,
  "message": "Successfully!",
  "result": {
    "name": "MI10",
    "code": "4G_MI10",
    "fullDes": "<ul><li><font face=\"Times New Roman\">Package price 10,000 KIP&nbsp;</font></li><li><font face=\"Times New Roman\">Get DATA 270 MB, expired in 30 days</font></li><li><span style=\"font-family: &quot;Times New Roman&quot;;\">Register by *209*4# Call.</span><br></li></ul>",
    "imgDesUrl": "http://183.182.100.248:8001/myvtg-frontend/uploads/service/c0578c2d-4402-47a1-b6e3-ec1b4d2010cd.jpg",
    "regState": 0,
    "enableAct": 1,
    "price": 10000.0,
    "unit": "KIP",
    "volume": 270
  }
}