{
  "status": 200,
  "message": "Successfully!",
  "result": {
    "name": "CHAMPA",
    "code": "4G_50",
    "fullDes": "<ul><li><font face=\"Times New Roman\">Package price 50,000 KIP&nbsp;</font></li><li><font face=\"Times New Roman\">Get DATA 1,500 MB,&nbsp; expired in 30 days</font></li><li><font face=\"Times New Roman\">If data used up internet will block.</font></li><li><font face=\"Times New Roman\">Register by *209*7# Call.</font></li></ul>",
    "imgDesUrl": "http://183.182.100.248:8001/myvtg-frontend/uploads/service/5baf2ce5-2246-49f3-a3e3-ceeb2af65624.jpg",
    "regState": 0,
    "enableAct": 1,
    "price": 50000.0,
    "unit": "KIP",
    "volume": 1500
  }
}