{
  "status": 200,
  "message": "Successfully!",
  "result": {
    "name": "LAMVONG",
    "code": "4G_100",
    "fullDes": "<ul><li><font face=\"Times New Roman\">Package price 100,000 KIP&nbsp;</font></li><li><font face=\"Times New Roman\">Get DATA 3,000 MB, expired in 30 days</font></li><li><font face=\"Times New Roman\">If data used up internet will block.</font></li><li><font face=\"Times New Roman\">Register by *209*8# Call.</font></li></ul>",
    "imgDesUrl": "http://183.182.100.248:8001/myvtg-frontend/uploads/service/f2ec8a86-458b-4551-b9c3-fe086d14d83a.jpg",
    "regState": 0,
    "enableAct": 1,
    "price": 100000.0,
    "unit": "KIP",
    "volume": 3000
  }
}