{
  "status": 200,
  "message": "Successfully!",
  "result": {
    "name": "Youtube 3 days",
    "code": "YT3",
    "fullDes": "<div><span style=\"font-family: &quot;Times New Roman&quot;;\">- Package price 10,000 KIP</span></div><div><span style=\"font-family: &quot;Times New Roman&quot;;\">- You can use non-stop Youtube in 3 days.</span></div><div><span style=\"font-family: &quot;Times New Roman&quot;;\">- Register by USSD: press *208*1#Call</span></div>",
    "imgDesUrl": "http://183.182.100.248:8001/myvtg-frontend/uploads/service/d0558124-85ff-4177-a104-5fb440384038.jpg",
    "regState": 0,
    "enableAct": 1,
    "price": 15000.0,
    "unit": "KIP",
    "volume": 999999
  }
}