{
  "status": 200,
  "message": "Successfully!",
  "result": {
    "name": "S15",
    "code": "S15",
    "fullDes": "<span style=\"font-size: 12pt;\"><font face=\"Times New Roman, serif\">-Package price 15,000 KIP<br>- Get 5,000MB, Free Youtube &amp; Facebook, domestic call 300 Kip/minute use within 5 days.<br>- Register by *209*70#call</font></span>",
    "imgDesUrl": "http://183.182.100.248:8001/myvtg-frontend/uploads/service/276659d1-f61c-41bd-98f7-c22292402d93.png",
    "regState": 0,
    "enableAct": 1,
    "price": 50000.0,
    "unit": "KIP",
    "volume": 11
  }
}