{
  "status": 200,
  "message": "Get list success",
  "result": [
    {
      "id": 1,
      "code": "BN01",
      "name": "ປະ​ກັນ​ໄພ​ອຸ​ປະ​ຕິ​ເຫດ​ສ່ວນ​ບຸກ​ຄົນ",
      "note": 0,
      "claim": ""
    },
    {
      "id": 2,
      "code": "BN02",
      "name": "ເສຍ​ຊີ​ວິດ​ແລະ​ພິ​ການ​ຖາ​ວອນ​ຍ້ອນ​ເກີດ​ອຸ​ປະ​ຕິ​ເຫດ",
      "note": 0,
      "claim": " 50,000,000 "
    },
    {
      "id": 3,
      "code": "BN03",
      "name": "ຄ່າປິ່ນປົວຍ້ອນອຸປະຕິເຫດ",
      "note": 0,
      "claim": " 5,000,000 "
    },
    {
      "id": 4,
      "code": "BN04",
      "name": "ທົດແທນຄ່າປ່ວຍການເນື່ອງ​ຈາກພິ​ການຍ້ອນ​ອຸ​ປະ​ຕິ​ເຫດ",
      "note": 0,
      "claim": ""
    },
    {
      "id": 5,
      "code": "BN05",
      "name": "ຂອບ​ເຂດຕໍ່​ມື້",
      "note": 0,
      "claim": ""
    },
    {
      "id": 6,
      "code": "BN06",
      "name": "ສູງ​ສຸດ​ຂອງມື້​ໃນ​ຈຳ​ນວນ​ລວມ​ທັງ​ໝົດ",
      "note": 0,
      "claim": ""
    },
    {
      "id": 7,
      "code": "BN07",
      "name": "ປະກັນໄພສຸຂະພາບ ",
      "note": 0,
      "claim": ""
    },
    {
      "id": 8,
      "code": "BN08",
      "name": "ຄ່າຜ່າຕັດ,ຄ່າ​ໃຊ້​ຈ່າຍ​ປິ່ນ​ປົວນອນ​ໂຮງ​ໝໍ​ຍ້ອນ​ການ​ເຈັບ​ປ່ວຍ,ເຈັບ​ເປັນ,ເປັນ​ພະ​ຍາດ​ແລະ​ເກີດ​ລູກ",
      "note": 0,
      "claim": " 5,000,000 "
    },
    {
      "id": 9,
      "code": "BN09",
      "name": "ໃນ​ນັ້ນ:",
      "note": 0,
      "claim": ""
    },
    {
      "id": 10,
      "code": "BN10",
      "name": "ຂອບ​ເຂດຄ່າ​ປິ່ນ​ປົວນອນ​ໂຮງ​ໝໍ​ຕໍ່​ມື້",
      "note": 0,
      "claim": " 250,000 "
    },
    {
      "id": 11,
      "code": "BN11",
      "name": "ຂອບ​ເຂດການ​ຜ່າ​ຕັດ​ຕໍ່​ກໍ​ລະ​ນີ",
      "note": 0,
      "claim": " 5,000,000 "
    },
    {
      "id": 12,
      "code": "BN12",
      "name": "ຂອບ​ເຂດ​ຄ່າ​ປິ່ນ​ປົວ​ກ່ອນ​ອອກ​ໂຮງ​ໝໍ (ກ່ອນ30ວັນ)ແລະ​ຫລັງ​ອອກ​ໂຮງໝ​ໍ(ຫລັງ​ຈາກ30ວັນ)",
      "note": 0,
      "claim": " 500,000 "
    },
    {
      "id": 13,
      "code": "BN13",
      "name": "ຂອບ​ເຂດຄ່າ​ປິ່ນ​ປົວ​ພະ​ຍາ​ບານຢູ່​ເຮືອນ(ສູງ​ສຸດ15ວັນ/ປີ)",
      "note": 0,
      "claim": ""
    },
    {
      "id": 14,
      "code": "BN14",
      "name": "ຄ່າ​ຂົນ​ສົ່ງ​ສຸກ​ເສີນ",
      "note": 0,
      "claim": " 2,500,000 "
    },
    {
      "id": 15,
      "code": "BN15",
      "name": "ຄ່າ​ມ້ຽນ​ຄາບສົ່ງ​ສະ​ການ",
      "note": 0,
      "claim": ""
    },
    {
      "id": 16,
      "code": "BN16",
      "name": "ຄ່າ​ປິ່ນ​ປົວ​ບໍ່​ນອນ​ໂຮງ​ໝໍ​ຍ້ອນ​ການ​ເຈັບ​ເປັນ,ເຈັບ​ປ່ວຍແລະ​ເກີດ​ລູກ",
      "note": 0,
      "claim": " 1,500,000 "
    },
    {
      "id": 17,
      "code": "BN17",
      "name": "ຂອບ​ເຂດຄ່າ​ໃຊ້​ຈ່າຍການ​ປິ່ນ​ປົວ​ຕໍ່​ຄັ້ງ",
      "note": 0,
      "claim": " 300,000 "
    },
    {
      "id": 18,
      "code": "BN18",
      "name": "ຂອບ​ເຂດການ​ປິ່ນ​ປົວພົບ​ໝ​ໍ/ຄົນ/ປີ",
      "note": 0,
      "claim": " 10 "
    },
    {
      "id": 19,
      "code": "BN19",
      "name": "ຂອບ​ເຂດການ​ປິ່ນ​ປົວ​ແຂ້ວ​ຕໍ່​ຄັ້ງ(ສູງ​ສຸດ01ຄັ້ງ​ຕໍ່​ປີ)",
      "note": 0,
      "claim": " 150,000 "
    },
    {
      "id": 20,
      "code": "BN20",
      "name": "ເສຍຊີວິດຍ້ອນການເຈັບປ່ວຍ,ເຈັບ​ເປັນ, ເປັນພະຍາດ",
      "note": 0,
      "claim": " 25,000,000 "
    }
  ]
}