{
  "status": 200,
  "message": "Get list success",
  "result": [
    {
      "id": 1,
      "code": "BN01",
      "name": "ຄວາມເສຍຫາຍທາງດ້ານຮ່າງກາຍ ສູງສຸດ-1 ຄັ້ງ",
      "note": 1,
      "claim": "500,000,000"
    },
    {
      "id": 2,
      "code": "BN02",
      "name": "ເສຍຫາຍທາງດ້ານວັດຖຸ, ສູງສຸດ-1 ຄັ້ງ",
      "note": 2,
      "claim": "50,000,000"
    },
    {
      "id": 3,
      "code": "BN03",
      "name": "ວົງເງີນຄຸ້ມກັນ-ສິນທົດແທນຂອງຜູ້ຂັບຂີ່-ເສຍຊີວິດ ຫຼື ພິການຖາວອນ",
      "note": 3,
      "claim": "35,000,000"
    },
    {
      "id": 4,
      "code": "BN04",
      "name": "ຄ່າປິນປົວ",
      "note": 4,
      "claim": "3,500,000"
    }
  ]
}