{
  "status": 200,
  "message": "Get list success",
  "result": [
    {
      "id": 1,
      "code": "BN01",
      "name": "Personal accident insurance",
      "note": 0,
      "claim": ""
    },
    {
      "id": 2,
      "code": "BN02",
      "name": "Death and permanent disability following accident",
      "note": 0,
      "claim": " 100,000,000 "
    },
    {
      "id": 3,
      "code": "BN03",
      "name": "Medical expenses following accident",
      "note": 0,
      "claim": " 10,000,000 "
    },
    {
      "id": 4,
      "code": "BN04",
      "name": "Salary compensation due to disablement following accident ",
      "note": 0,
      "claim": ""
    },
    {
      "id": 5,
      "code": "BN05",
      "name": "Limit per day",
      "note": 0,
      "claim": ""
    },
    {
      "id": 6,
      "code": "BN06",
      "name": "Maximum of days in the aggregate",
      "note": 0,
      "claim": ""
    },
    {
      "id": 7,
      "code": "BN07",
      "name": "Health care insurance",
      "note": 0,
      "claim": ""
    },
    {
      "id": 8,
      "code": "BN08",
      "name": "Surgical operation, in-patient medical expenses due to illness, sickness, diseases and childbirth",
      "note": 0,
      "claim": " 10,000,000 "
    },
    {
      "id": 9,
      "code": "BN09",
      "name": "In which:",
      "note": 0,
      "claim": ""
    },
    {
      "id": 10,
      "code": "BN10",
      "name": "Limit of hospitalization expense per day",
      "note": 0,
      "claim": " 500,000 "
    },
    {
      "id": 11,
      "code": "BN11",
      "name": "Limit of surgical operation per case",
      "note": 0,
      "claim": " 10,000,000 "
    },
    {
      "id": 12,
      "code": "BN12",
      "name": "Limit of pre-hospitalization costs (30 days before) and post-hospitalization cost (30 days after)",
      "note": 0,
      "claim": " 1,000,000 "
    },
    {
      "id": 13,
      "code": "BN13",
      "name": "Limit of home nursing expenses (maximum 15 days/year)",
      "note": 0,
      "claim": ""
    },
    {
      "id": 14,
      "code": "BN14",
      "name": "Ambulance expense",
      "note": 0,
      "claim": " 5,000,000 "
    },
    {
      "id": 15,
      "code": "BN15",
      "name": "Burial lump sum",
      "note": 0,
      "claim": ""
    },
    {
      "id": 16,
      "code": "BN16",
      "name": "Out-patient treatment due to illness and maternity",
      "note": 0,
      "claim": " 5,000,000 "
    },
    {
      "id": 17,
      "code": "BN17",
      "name": "Sub-limit of treatment expense per time",
      "note": 0,
      "claim": " 1,000,000 "
    },
    {
      "id": 18,
      "code": "BN18",
      "name": "Maximum of visits/person/year",
      "note": 0,
      "claim": " 10 "
    },
    {
      "id": 19,
      "code": "BN19",
      "name": "Sub-limit of dental treatment per time (maximum of 01 time per year)",
      "note": 0,
      "claim": " 500,000 "
    },
    {
      "id": 20,
      "code": "BN20",
      "name": "Death due to illness, sickness, disease",
      "note": 0,
      "claim": " 50,000,000 "
    }
  ]
}