{
  "status": 200,
  "message": "Get list success",
  "result": [
    {
      "id": 1,
      "code": "BN01",
      "name": "Bảo hiểm tai nạn",
      "note": 0,
      "claim": ""
    },
    {
      "id": 2,
      "code": "BN02",
      "name": "Chết, thương tật toàn bộ vĩnh viễn do tai nạn",
      "note": 0,
      "claim": " 100,000,000 "
    },
    {
      "id": 3,
      "code": "BN03",
      "name": "Chi phí y tế do tai nạn",
      "note": 0,
      "claim": " 10,000,000 "
    },
    {
      "id": 4,
      "code": "BN04",
      "name": "Trợ cấp lương do tai nạn",
      "note": 0,
      "claim": ""
    },
    {
      "id": 5,
      "code": "BN05",
      "name": "Giới hạn theo ngày",
      "note": 0,
      "claim": ""
    },
    {
      "id": 6,
      "code": "BN06",
      "name": "Tổng tối đa theo ngày",
      "note": 0,
      "claim": ""
    },
    {
      "id": 7,
      "code": "BN07",
      "name": "Bảo hiểm chăm sóc sức khỏe",
      "note": 0,
      "claim": ""
    },
    {
      "id": 8,
      "code": "BN08",
      "name": "Surgical operation, in-patient medical expenses due to illness, sickness, diseases and childbirth",
      "note": 0,
      "claim": " 10,000,000 "
    },
    {
      "id": 9,
      "code": "BN09",
      "name": "Trong đó:",
      "note": 0,
      "claim": ""
    },
    {
      "id": 10,
      "code": "BN10",
      "name": "Giới hạn chi phí bệnh viện theo ngày",
      "note": 0,
      "claim": " 500,000 "
    },
    {
      "id": 11,
      "code": "BN11",
      "name": "Giới hạn chi phí phẫu thuật theo lần",
      "note": 0,
      "claim": " 10,000,000 "
    },
    {
      "id": 12,
      "code": "BN12",
      "name": "Giới hạn chi phí trước khi nhập viện (30 ngày trước) và sau khi nhập viện (30 ngày sau)",
      "note": 0,
      "claim": " 1,000,000 "
    },
    {
      "id": 13,
      "code": "BN13",
      "name": "Giới hạn chi phí điều dưỡng tại nhà (tối đa 15 ngày/năm)",
      "note": 0,
      "claim": ""
    },
    {
      "id": 14,
      "code": "BN14",
      "name": "Chi phí cứu thương",
      "note": 0,
      "claim": " 5,000,000 "
    },
    {
      "id": 15,
      "code": "BN15",
      "name": "Chi phí mai táng",
      "note": 0,
      "claim": ""
    },
    {
      "id": 16,
      "code": "BN16",
      "name": "Dđiều trị ngoại trú do bệnh tật và thai sản",
      "note": 0,
      "claim": " 5,000,000 "
    },
    {
      "id": 17,
      "code": "BN17",
      "name": "Giới hạn chi phí điều trị mỗi lần",
      "note": 0,
      "claim": " 1,000,000 "
    },
    {
      "id": 18,
      "code": "BN18",
      "name": "Thăm hỏi / người /năm",
      "note": 0,
      "claim": " 10 "
    },
    {
      "id": 19,
      "code": "BN19",
      "name": "Giới hạn chi phí điều trị răng mỗi lần ( tối đa 1 lần /01 năm)",
      "note": 0,
      "claim": " 500,000 "
    },
    {
      "id": 20,
      "code": "BN20",
      "name": "Chết do ốm đau, bệnh tật",
      "note": 0,
      "claim": " 50,000,000 "
    }
  ]
}