{
  "status": 200,
  "message": "Get list success",
  "result": [
    {
      "id": 1,
      "code": "BN01",
      "name": "Third party Bodily injury-Accident",
      "note": 1,
      "claim": "500,000,000"
    },
    {
      "id": 2,
      "code": "BN02",
      "name": "Third party Material demage -Accident",
      "note": 2,
      "claim": "50,000,000"
    },
    {
      "id": 3,
      "code": "BN03",
      "name": "Driver - Death, Permanent Total Disablement",
      "note": 3,
      "claim": "35,000,000"
    },
    {
      "id": 4,
      "code": "BN04",
      "name": "Driver - Medical expenses",
      "note": 4,
      "claim": "3,500,000"
    }
  ]
}