{
  "status": 200,
  "message": "Get list success",
  "result": [
    {
      "id": 1,
      "code": "BN01",
      "name": "Thiệt hại về người cho bên thứ 3",
      "note": 1,
      "claim": "250,000,000"
    },
    {
      "id": 2,
      "code": "BN02",
      "name": "Thiệt hại vật chất cho bên thứ 3",
      "note": 2,
      "claim": "17,500,000"
    },
    {
      "id": 3,
      "code": "BN03",
      "name": "Lái xe tử vong, thương tật toàn bộ vĩnh viễn",
      "note": 3,
      "claim": "35,000,000"
    },
    {
      "id": 4,
      "code": "BN04",
      "name": "Chi phí y tế cho lái xe",
      "note": 4,
      "claim": "3,500,000"
    }
  ]
}