{
  "status": 200,
  "message": "Get list success",
  "result": [
    {
      "id": 3,
      "packageCode": "A2",
      "name": "第三方责任险A2",
      "description": "ປະກັນໄພຄວາມຮັບຜິດຊອບທາງແພ່ງ A2 /Third party liability insurance A2"
    },
    {
      "id": 2,
      "packageCode": "A1",
      "name": "第三方责任险A1",
      "description": "ປະກັນໄພຄວາມຮັບຜິດຊອບທາງແພ່ງ A1 /Third party liability insurance A1"
    },
    {
      "id": 1,
      "packageCode": "A0",
      "name": "第三方责任险A0",
      "description": "ປະກັນໄພຄວາມຮັບຜິດຊອບທາງແພ່ງ A0 /Third party liability insurance A0"
    }
  ]
}