{
  "status": 200,
  "message": "Get list success",
  "result": [
    {
      "id": 1,
      "packageCode": "PA01",
      "name": "Health care BASIC",
      "premium": 280000.0,
      "paid": 290000.0,
      "discount": 10.0,
      "description": "ແພັກເກັດດູແລສຸຂະພາບ ຂັ້ນພື້ນຖານ /Health care BASIC"
    },
    {
      "id": 2,
      "packageCode": "PA02",
      "name": "Health care ADVANCE",
      "premium": 600000.0,
      "paid": 610000.0,
      "discount": 10.0,
      "description": "ແພັກເກັດດູແລສຸຂະພາບ ຂັ້ນສູງ /Health care ADVANCE"
    },
    {
      "id": 3,
      "packageCode": "PA03",
      "name": "Health care VIP",
      "premium": 1555000.0,
      "paid": 1565000.0,
      "discount": 10.0,
      "description": "ແພັກເກັດດູແລສຸຂະພາບ ສຳຫຼັບ VIP /Health care VIP"
    }
  ]
}